{"name":"react_dll","content":{"../node_modules/warning/browser.js":{"id":0,"meta":{}},"../node_modules/react/index.js":{"id":1,"meta":{}},"../node_modules/prop-types/index.js":{"id":2,"meta":{}},"../node_modules/invariant/browser.js":{"id":3,"meta":{}},"../node_modules/history/PathUtils.js":{"id":4,"meta":{}},"../node_modules/history/es/PathUtils.js":{"id":5,"meta":{"harmonyModule":true},"exports":["addLeadingSlash","stripLeadingSlash","hasBasename","stripBasename","stripTrailingSlash","parsePath","createPath"]},"../node_modules/fbjs/lib/invariant.js":{"id":6,"meta":{}},"../node_modules/fbjs/lib/warning.js":{"id":7,"meta":{}},"../node_modules/fbjs/lib/emptyFunction.js":{"id":8,"meta":{}},"../node_modules/history/es/LocationUtils.js":{"id":9,"meta":{"harmonyModule":true},"exports":["createLocation","locationsAreEqual"]},"../node_modules/object-assign/index.js":{"id":10,"meta":{}},"../node_modules/prop-types/checkPropTypes.js":{"id":11,"meta":{}},"../node_modules/history/LocationUtils.js":{"id":12,"meta":{}},"../node_modules/history/createTransitionManager.js":{"id":13,"meta":{}},"../node_modules/react-router-dom/es/Router.js":{"id":14,"meta":{"harmonyModule":true},"exports":["default"]},"../node_modules/react-router/es/Router.js":{"id":15,"meta":{"harmonyModule":true},"exports":["default"]},"../node_modules/react-router/es/matchPath.js":{"id":16,"meta":{"harmonyModule":true},"exports":["default"]},"../node_modules/history/es/createTransitionManager.js":{"id":17,"meta":{"harmonyModule":true},"exports":["default"]},"../node_modules/fbjs/lib/emptyObject.js":{"id":18,"meta":{}},"../node_modules/prop-types/lib/ReactPropTypesSecret.js":{"id":19,"meta":{}},"../node_modules/resolve-pathname/index.js":{"id":20,"meta":{"harmonyModule":true},"exports":["default"]},"../node_modules/value-equal/index.js":{"id":21,"meta":{"harmonyModule":true},"exports":["default"]},"../node_modules/history/DOMUtils.js":{"id":22,"meta":{}},"../node_modules/react-router-dom/es/Link.js":{"id":23,"meta":{"harmonyModule":true},"exports":["default"]},"../node_modules/react-router-dom/es/Route.js":{"id":24,"meta":{"harmonyModule":true},"exports":["default"]},"../node_modules/react-router/es/Route.js":{"id":25,"meta":{"harmonyModule":true},"exports":["default"]},"../node_modules/history/es/DOMUtils.js":{"id":26,"meta":{"harmonyModule":true},"exports":["canUseDOM","addEventListener","removeEventListener","getConfirmation","supportsHistory","supportsPopStateOnHashChange","supportsGoWithoutReloadUsingHash","isExtraneousPopstateEvent"]},"../node_modules/react/cjs/react.development.js":{"id":28,"meta":{}},"../node_modules/react-dom/index.js":{"id":29,"meta":{}},"../node_modules/react-dom/cjs/react-dom.development.js":{"id":30,"meta":{}},"../node_modules/fbjs/lib/ExecutionEnvironment.js":{"id":31,"meta":{}},"../node_modules/fbjs/lib/getActiveElement.js":{"id":32,"meta":{}},"../node_modules/fbjs/lib/shallowEqual.js":{"id":33,"meta":{}},"../node_modules/fbjs/lib/containsNode.js":{"id":34,"meta":{}},"../node_modules/fbjs/lib/isTextNode.js":{"id":35,"meta":{}},"../node_modules/fbjs/lib/isNode.js":{"id":36,"meta":{}},"../node_modules/fbjs/lib/hyphenateStyleName.js":{"id":37,"meta":{}},"../node_modules/fbjs/lib/hyphenate.js":{"id":38,"meta":{}},"../node_modules/fbjs/lib/camelizeStyleName.js":{"id":39,"meta":{}},"../node_modules/fbjs/lib/camelize.js":{"id":40,"meta":{}},"../node_modules/react-router-dom/es/index.js":{"id":41,"meta":{"harmonyModule":true},"exports":["BrowserRouter","HashRouter","Link","MemoryRouter","NavLink","Prompt","Redirect","Route","Router","StaticRouter","Switch","matchPath","withRouter"]},"../node_modules/react-router-dom/es/BrowserRouter.js":{"id":42,"meta":{"harmonyModule":true},"exports":["default"]},"../node_modules/prop-types/factoryWithTypeCheckers.js":{"id":43,"meta":{}},"../node_modules/history/createBrowserHistory.js":{"id":44,"meta":{}},"../node_modules/react-router-dom/es/HashRouter.js":{"id":45,"meta":{"harmonyModule":true},"exports":["default"]},"../node_modules/history/createHashHistory.js":{"id":46,"meta":{}},"../node_modules/react-router-dom/es/MemoryRouter.js":{"id":47,"meta":{"harmonyModule":true},"exports":["default"]},"../node_modules/react-router/es/MemoryRouter.js":{"id":48,"meta":{"harmonyModule":true},"exports":["default"]},"../node_modules/history/createMemoryHistory.js":{"id":49,"meta":{}},"../node_modules/react-router-dom/es/NavLink.js":{"id":50,"meta":{"harmonyModule":true},"exports":["default"]},"../node_modules/path-to-regexp/index.js":{"id":51,"meta":{}},"../node_modules/path-to-regexp/node_modules/isarray/index.js":{"id":52,"meta":{}},"../node_modules/react-router-dom/es/Prompt.js":{"id":53,"meta":{"harmonyModule":true},"exports":["default"]},"../node_modules/react-router/es/Prompt.js":{"id":54,"meta":{"harmonyModule":true},"exports":["default"]},"../node_modules/react-router-dom/es/Redirect.js":{"id":55,"meta":{"harmonyModule":true},"exports":["default"]},"../node_modules/react-router/es/Redirect.js":{"id":56,"meta":{"harmonyModule":true},"exports":["default"]},"../node_modules/history/es/index.js":{"id":57,"meta":{"harmonyModule":true},"exports":["createBrowserHistory","createHashHistory","createMemoryHistory","createLocation","locationsAreEqual","parsePath","createPath"]},"../node_modules/history/es/createBrowserHistory.js":{"id":58,"meta":{"harmonyModule":true},"exports":["default"]},"../node_modules/history/es/createHashHistory.js":{"id":59,"meta":{"harmonyModule":true},"exports":["default"]},"../node_modules/history/es/createMemoryHistory.js":{"id":60,"meta":{"harmonyModule":true},"exports":["default"]},"../node_modules/react-router-dom/es/StaticRouter.js":{"id":61,"meta":{"harmonyModule":true},"exports":["default"]},"../node_modules/react-router/es/StaticRouter.js":{"id":62,"meta":{"harmonyModule":true},"exports":["default"]},"../node_modules/react-router-dom/es/Switch.js":{"id":63,"meta":{"harmonyModule":true},"exports":["default"]},"../node_modules/react-router/es/Switch.js":{"id":64,"meta":{"harmonyModule":true},"exports":["default"]},"../node_modules/react-router-dom/es/matchPath.js":{"id":65,"meta":{"harmonyModule":true},"exports":["default"]},"../node_modules/react-router-dom/es/withRouter.js":{"id":66,"meta":{"harmonyModule":true},"exports":["default"]},"../node_modules/react-router/es/withRouter.js":{"id":67,"meta":{"harmonyModule":true},"exports":["default"]},"../node_modules/hoist-non-react-statics/index.js":{"id":68,"meta":{}}}}